accordion_0001,0,0
accordion_0002,0,0
accordion_0003,0,0
accordion_0004,0,0
accordion_0005,0,0
accordion_0006,0,0
accordion_0007,0,0
accordion_0008,0,0
accordion_0009,0,0
accordion_0010,0,0
accordion_0011,0,0
accordion_0012,0,0
accordion_0013,0,0
accordion_0014,0,0
accordion_0015,0,0
accordion_0016,0,0
accordion_0017,0,0
accordion_0018,0,0
accordion_0019,0,0
accordion_0020,0,0
accordion_0021,0,0
accordion_0022,0,0
accordion_0023,0,0
accordion_0024,0,0
accordion_0025,0,0
accordion_0026,0,0
accordion_0027,0,0
accordion_0028,0,0
accordion_0029,0,0
accordion_0030,0,0
accordion_0031,0,0
accordion_0032,0,0
accordion_0033,0,0
accordion_0034,0,0
accordion_0035,0,0
accordion_0036,0,0
accordion_0037,0,0
accordion_0038,0,0
accordion_0039,0,0
accordion_0040,0,0
accordion_0041,0,0
accordion_0042,0,0
accordion_0043,0,0
accordion_0044,0,0
accordion_0045,0,0
accordion_0046,0,0
accordion_0047,0,0
accordion_0048,0,0
accordion_0049,0,0
accordion_0050,0,0
accordion_0051,0,0
accordion_0052,0,0
accordion_0053,0,0
accordion_0054,0,0
accordion_0055,0,0
airplanes_0001,0,0
airplanes_0002,0,0
airplanes_0003,0,0
airplanes_0004,0,0
airplanes_0005,0,0
airplanes_0006,0,0
airplanes_0007,0,0
airplanes_0008,0,0
airplanes_0009,0,0
airplanes_0010,0,0
airplanes_0011,0,0
airplanes_0012,0,0
airplanes_0013,0,0
airplanes_0014,0,0
airplanes_0015,0,0
airplanes_0016,0,0
airplanes_0017,0,0
airplanes_0018,0,0
airplanes_0019,0,0
airplanes_0020,0,0
airplanes_0021,0,0
airplanes_0022,0,0
airplanes_0023,0,0
airplanes_0024,0,0
airplanes_0025,0,0
airplanes_0026,0,0
airplanes_0027,0,0
airplanes_0028,0,0
airplanes_0029,0,0
airplanes_0030,0,0
airplanes_0031,0,0
airplanes_0032,0,0
airplanes_0033,0,0
airplanes_0034,0,0
airplanes_0035,0,0
airplanes_0036,0,0
airplanes_0037,0,0
airplanes_0038,0,0
airplanes_0039,0,0
airplanes_0040,0,0
airplanes_0041,0,0
airplanes_0042,0,0
airplanes_0043,0,0
airplanes_0044,0,0
airplanes_0045,0,0
airplanes_0046,0,0
airplanes_0047,0,0
airplanes_0048,0,0
airplanes_0049,0,0
airplanes_0050,0,0
airplanes_0051,0,0
airplanes_0052,0,0
airplanes_0053,0,0
airplanes_0054,0,0
airplanes_0055,0,0
airplanes_0056,0,0
airplanes_0057,0,0
airplanes_0058,0,0
airplanes_0059,0,0
airplanes_0060,0,0
airplanes_0061,0,0
airplanes_0062,0,0
airplanes_0063,0,0
airplanes_0064,0,0
airplanes_0065,0,0
airplanes_0066,0,0
airplanes_0067,0,0
airplanes_0068,0,0
airplanes_0069,0,0
airplanes_0070,0,0
airplanes_0071,0,0
airplanes_0072,0,0
airplanes_0073,0,0
airplanes_0074,0,0
airplanes_0075,0,0
airplanes_0076,0,0
airplanes_0077,0,0
airplanes_0078,0,0
airplanes_0079,0,0
airplanes_0080,0,0
airplanes_0081,0,0
airplanes_0082,0,0
airplanes_0083,0,0
airplanes_0084,0,0
airplanes_0085,0,0
airplanes_0086,0,0
airplanes_0087,0,0
airplanes_0088,0,0
airplanes_0089,0,0
airplanes_0090,0,0
airplanes_0091,0,0
airplanes_0092,0,0
airplanes_0093,0,0
airplanes_0094,0,0
airplanes_0095,0,0
airplanes_0096,0,0
airplanes_0097,0,0
airplanes_0098,0,0
airplanes_0099,0,0
airplanes_0100,0,0
airplanes_0101,0,0
airplanes_0102,0,0
airplanes_0103,0,0
airplanes_0104,0,0
airplanes_0105,0,0
airplanes_0106,0,0
airplanes_0107,0,0
airplanes_0108,0,0
airplanes_0109,0,0
airplanes_0110,0,0
airplanes_0111,0,0
airplanes_0112,0,0
airplanes_0113,0,0
airplanes_0114,0,0
airplanes_0115,0,0
airplanes_0116,0,0
airplanes_0117,0,0
airplanes_0118,0,0
airplanes_0119,0,0
airplanes_0120,0,0
airplanes_0121,0,0
airplanes_0122,0,0
airplanes_0123,0,0
airplanes_0124,0,0
airplanes_0125,0,0
airplanes_0126,0,0
airplanes_0127,0,0
airplanes_0128,0,0
airplanes_0129,0,0
airplanes_0130,0,0
airplanes_0131,0,0
airplanes_0132,0,0
airplanes_0133,0,0
airplanes_0134,0,0
airplanes_0135,0,0
airplanes_0136,0,0
airplanes_0137,0,0
airplanes_0138,0,0
airplanes_0139,0,0
airplanes_0140,0,0
airplanes_0141,0,0
airplanes_0142,0,0
airplanes_0143,0,0
airplanes_0144,0,0
airplanes_0145,0,0
airplanes_0146,0,0
airplanes_0147,0,0
airplanes_0148,0,0
airplanes_0149,0,0
airplanes_0150,0,0
airplanes_0151,0,0
airplanes_0152,0,0
airplanes_0153,0,0
airplanes_0154,0,0
airplanes_0155,0,0
airplanes_0156,0,0
airplanes_0157,0,0
airplanes_0158,0,0
airplanes_0159,0,0
airplanes_0160,0,0
airplanes_0161,0,0
airplanes_0162,0,0
airplanes_0163,0,0
airplanes_0164,0,0
airplanes_0165,0,0
airplanes_0166,0,0
airplanes_0167,0,0
airplanes_0168,0,0
airplanes_0169,0,0
airplanes_0170,0,0
airplanes_0171,0,0
airplanes_0172,0,0
airplanes_0173,0,0
airplanes_0174,0,0
airplanes_0175,0,0
airplanes_0176,0,0
airplanes_0177,0,0
airplanes_0178,0,0
airplanes_0179,0,0
airplanes_0180,0,0
airplanes_0181,0,0
airplanes_0182,0,0
airplanes_0183,0,0
airplanes_0184,0,0
airplanes_0185,0,0
airplanes_0186,0,0
airplanes_0187,0,0
airplanes_0188,0,0
airplanes_0189,0,0
airplanes_0190,0,0
airplanes_0191,0,0
airplanes_0192,0,0
airplanes_0193,0,0
airplanes_0194,0,0
airplanes_0195,0,0
airplanes_0196,0,0
airplanes_0197,0,0
airplanes_0198,0,0
airplanes_0199,0,0
airplanes_0200,0,0
airplanes_0201,0,0
airplanes_0202,0,0
airplanes_0203,0,0
airplanes_0204,0,0
airplanes_0205,0,0
airplanes_0206,0,0
airplanes_0207,0,0
airplanes_0208,0,0
airplanes_0209,0,0
airplanes_0210,0,0
airplanes_0211,0,0
airplanes_0212,0,0
airplanes_0213,0,0
airplanes_0214,0,0
airplanes_0215,0,0
airplanes_0216,0,0
airplanes_0217,0,0
airplanes_0218,0,0
airplanes_0219,0,0
airplanes_0220,0,0
airplanes_0221,0,0
airplanes_0222,0,0
airplanes_0223,0,0
airplanes_0224,0,0
airplanes_0225,0,0
airplanes_0226,0,0
airplanes_0227,0,0
airplanes_0228,0,0
airplanes_0229,0,0
airplanes_0230,0,0
airplanes_0231,0,0
airplanes_0232,0,0
airplanes_0233,0,0
airplanes_0234,0,0
airplanes_0235,0,0
airplanes_0236,0,0
airplanes_0237,0,0
airplanes_0238,0,0
airplanes_0239,0,0
airplanes_0240,0,0
airplanes_0241,0,0
airplanes_0242,0,0
airplanes_0243,0,0
airplanes_0244,0,0
airplanes_0245,0,0
airplanes_0246,0,0
airplanes_0247,0,0
airplanes_0248,0,0
airplanes_0249,0,0
airplanes_0250,0,0
airplanes_0251,0,0
airplanes_0252,0,0
airplanes_0253,0,0
airplanes_0254,0,0
airplanes_0255,0,0
airplanes_0256,0,0
airplanes_0257,0,0
airplanes_0258,0,0
airplanes_0259,0,0
airplanes_0260,0,0
airplanes_0261,0,0
airplanes_0262,0,0
airplanes_0263,0,0
airplanes_0264,0,0
airplanes_0265,0,0
airplanes_0266,0,0
airplanes_0267,0,0
airplanes_0268,0,0
airplanes_0269,0,0
airplanes_0270,0,0
airplanes_0271,0,0
airplanes_0272,0,0
airplanes_0273,0,0
airplanes_0274,0,0
airplanes_0275,0,0
airplanes_0276,0,0
airplanes_0277,0,0
airplanes_0278,0,0
airplanes_0279,0,0
airplanes_0280,0,0
airplanes_0281,0,0
airplanes_0282,0,0
airplanes_0283,0,0
airplanes_0284,0,0
airplanes_0285,0,0
airplanes_0286,0,0
airplanes_0287,0,0
airplanes_0288,0,0
airplanes_0289,0,0
airplanes_0290,0,0
airplanes_0291,0,0
airplanes_0292,0,0
airplanes_0293,0,0
airplanes_0294,0,0
airplanes_0295,0,0
airplanes_0296,0,0
airplanes_0297,0,0
airplanes_0298,0,0
airplanes_0299,0,0
airplanes_0300,0,0
airplanes_0301,0,0
airplanes_0302,0,0
airplanes_0303,0,0
airplanes_0304,0,0
airplanes_0305,0,0
airplanes_0306,0,0
airplanes_0307,0,0
airplanes_0308,0,0
airplanes_0309,0,0
airplanes_0310,0,0
airplanes_0311,0,0
airplanes_0312,0,0
airplanes_0313,0,0
airplanes_0314,0,0
airplanes_0315,0,0
airplanes_0316,0,0
airplanes_0317,0,0
airplanes_0318,0,0
airplanes_0319,0,0
airplanes_0320,0,0
airplanes_0321,0,0
airplanes_0322,0,0
airplanes_0323,0,0
airplanes_0324,0,0
airplanes_0325,0,0
airplanes_0326,0,0
airplanes_0327,0,0
airplanes_0328,0,0
airplanes_0329,0,0
airplanes_0330,0,0
airplanes_0331,0,0
airplanes_0332,0,0
airplanes_0333,0,0
airplanes_0334,0,0
airplanes_0335,0,0
airplanes_0336,0,0
airplanes_0337,0,0
airplanes_0338,0,0
airplanes_0339,0,0
airplanes_0340,0,0
airplanes_0341,0,0
airplanes_0342,0,0
airplanes_0343,0,0
airplanes_0344,0,0
airplanes_0345,0,0
airplanes_0346,0,0
airplanes_0347,0,0
airplanes_0348,0,0
airplanes_0349,0,0
airplanes_0350,0,0
airplanes_0351,0,0
airplanes_0352,0,0
airplanes_0353,0,0
airplanes_0354,0,0
airplanes_0355,0,0
airplanes_0356,0,0
airplanes_0357,0,0
airplanes_0358,0,0
airplanes_0359,0,0
airplanes_0360,0,0
airplanes_0361,0,0
airplanes_0362,0,0
airplanes_0363,0,0
airplanes_0364,0,0
airplanes_0365,0,0
airplanes_0366,0,0
airplanes_0367,0,0
airplanes_0368,0,0
airplanes_0369,0,0
airplanes_0370,0,0
airplanes_0371,0,0
airplanes_0372,0,0
airplanes_0373,0,0
airplanes_0374,0,0
airplanes_0375,0,0
airplanes_0376,0,0
airplanes_0377,0,0
airplanes_0378,0,0
airplanes_0379,0,0
airplanes_0380,0,0
airplanes_0381,0,0
airplanes_0382,0,0
airplanes_0383,0,0
airplanes_0384,0,0
airplanes_0385,0,0
airplanes_0386,0,0
airplanes_0387,0,0
airplanes_0388,0,0
airplanes_0389,0,0
airplanes_0390,0,0
airplanes_0391,0,0
airplanes_0392,0,0
airplanes_0393,0,0
airplanes_0394,0,0
airplanes_0395,0,0
airplanes_0396,0,0
airplanes_0397,0,0
airplanes_0398,0,0
airplanes_0399,0,0
airplanes_0400,0,0
airplanes_0401,0,0
airplanes_0402,0,0
airplanes_0403,0,0
airplanes_0404,0,0
airplanes_0405,0,0
airplanes_0406,0,0
airplanes_0407,0,0
airplanes_0408,0,0
airplanes_0409,0,0
airplanes_0410,0,0
airplanes_0411,0,0
airplanes_0412,0,0
airplanes_0413,0,0
airplanes_0414,0,0
airplanes_0415,0,0
airplanes_0416,0,0
airplanes_0417,0,0
airplanes_0418,0,0
airplanes_0419,0,0
airplanes_0420,0,0
airplanes_0421,0,0
airplanes_0422,0,0
airplanes_0423,0,0
airplanes_0424,0,0
airplanes_0425,0,0
airplanes_0426,0,0
airplanes_0427,0,0
airplanes_0428,0,0
airplanes_0429,0,0
airplanes_0430,0,0
airplanes_0431,0,0
airplanes_0432,0,0
airplanes_0433,0,0
airplanes_0434,0,0
airplanes_0435,0,0
airplanes_0436,0,0
airplanes_0437,0,0
airplanes_0438,0,0
airplanes_0439,0,0
airplanes_0440,0,0
airplanes_0441,0,0
airplanes_0442,0,0
airplanes_0443,0,0
airplanes_0444,0,0
airplanes_0445,0,0
airplanes_0446,0,0
airplanes_0447,0,0
airplanes_0448,0,0
airplanes_0449,0,0
airplanes_0450,0,0
airplanes_0451,0,0
airplanes_0452,0,0
airplanes_0453,0,0
airplanes_0454,0,0
airplanes_0455,0,0
airplanes_0456,0,0
airplanes_0457,0,0
airplanes_0458,0,0
airplanes_0459,0,0
airplanes_0460,0,0
airplanes_0461,0,0
airplanes_0462,0,0
airplanes_0463,0,0
airplanes_0464,0,0
airplanes_0465,0,0
airplanes_0466,0,0
airplanes_0467,0,0
airplanes_0468,0,0
airplanes_0469,0,0
airplanes_0470,0,0
airplanes_0471,0,0
airplanes_0472,0,0
airplanes_0473,0,0
airplanes_0474,0,0
airplanes_0475,0,0
airplanes_0476,0,0
airplanes_0477,0,0
airplanes_0478,0,0
airplanes_0479,0,0
airplanes_0480,0,0
airplanes_0481,0,0
airplanes_0482,0,0
airplanes_0483,0,0
airplanes_0484,0,0
airplanes_0485,0,0
airplanes_0486,0,0
airplanes_0487,0,0
airplanes_0488,0,0
airplanes_0489,0,0
airplanes_0490,0,0
airplanes_0491,0,0
airplanes_0492,0,0
airplanes_0493,0,0
airplanes_0494,0,0
airplanes_0495,0,0
airplanes_0496,0,0
airplanes_0497,0,0
airplanes_0498,0,0
airplanes_0499,0,0
airplanes_0500,0,0
airplanes_0501,0,0
airplanes_0502,0,0
airplanes_0503,0,0
airplanes_0504,0,0
airplanes_0505,0,0
airplanes_0506,0,0
airplanes_0507,0,0
airplanes_0508,0,0
airplanes_0509,0,0
airplanes_0510,0,0
airplanes_0511,0,0
airplanes_0512,0,0
airplanes_0513,0,0
airplanes_0514,0,0
airplanes_0515,0,0
airplanes_0516,0,0
airplanes_0517,0,0
airplanes_0518,0,0
airplanes_0519,0,0
airplanes_0520,0,0
airplanes_0521,0,0
airplanes_0522,0,0
airplanes_0523,0,0
airplanes_0524,0,0
airplanes_0525,0,0
airplanes_0526,0,0
airplanes_0527,0,0
airplanes_0528,0,0
airplanes_0529,0,0
airplanes_0530,0,0
airplanes_0531,0,0
airplanes_0532,0,0
airplanes_0533,0,0
airplanes_0534,0,0
airplanes_0535,0,0
airplanes_0536,0,0
airplanes_0537,0,0
airplanes_0538,0,0
airplanes_0539,0,0
airplanes_0540,0,0
airplanes_0541,0,0
airplanes_0542,0,0
airplanes_0543,0,0
airplanes_0544,0,0
airplanes_0545,0,0
airplanes_0546,0,0
airplanes_0547,0,0
airplanes_0548,0,0
airplanes_0549,0,0
airplanes_0550,0,0
airplanes_0551,0,0
airplanes_0552,0,0
airplanes_0553,0,0
airplanes_0554,0,0
airplanes_0555,0,0
airplanes_0556,0,0
airplanes_0557,0,0
airplanes_0558,0,0
airplanes_0559,0,0
airplanes_0560,0,0
airplanes_0561,0,0
airplanes_0562,0,0
airplanes_0563,0,0
airplanes_0564,0,0
airplanes_0565,0,0
airplanes_0566,0,0
airplanes_0567,0,0
airplanes_0568,0,0
airplanes_0569,0,0
airplanes_0570,0,0
airplanes_0571,0,0
airplanes_0572,0,0
airplanes_0573,0,0
airplanes_0574,0,0
airplanes_0575,0,0
airplanes_0576,0,0
airplanes_0577,0,0
airplanes_0578,0,0
airplanes_0579,0,0
airplanes_0580,0,0
airplanes_0581,0,0
airplanes_0582,0,0
airplanes_0583,0,0
airplanes_0584,0,0
airplanes_0585,0,0
airplanes_0586,0,0
airplanes_0587,0,0
airplanes_0588,0,0
airplanes_0589,0,0
airplanes_0590,0,0
airplanes_0591,0,0
airplanes_0592,0,0
airplanes_0593,0,0
airplanes_0594,0,0
airplanes_0595,0,0
airplanes_0596,0,0
airplanes_0597,0,0
airplanes_0598,0,0
airplanes_0599,0,0
airplanes_0600,0,0
airplanes_0601,0,0
airplanes_0602,0,0
airplanes_0603,0,0
airplanes_0604,0,0
airplanes_0605,0,0
airplanes_0606,0,0
airplanes_0607,0,0
airplanes_0608,0,0
airplanes_0609,0,0
airplanes_0610,0,0
airplanes_0611,0,0
airplanes_0612,0,0
airplanes_0613,0,0
airplanes_0614,0,0
airplanes_0615,0,0
airplanes_0616,0,0
airplanes_0617,0,0
airplanes_0618,0,0
airplanes_0619,0,0
airplanes_0620,0,0
airplanes_0621,0,0
airplanes_0622,0,0
airplanes_0623,0,0
airplanes_0624,0,0
airplanes_0625,0,0
airplanes_0626,0,0
airplanes_0627,0,0
airplanes_0628,0,0
airplanes_0629,0,0
airplanes_0630,0,0
airplanes_0631,0,0
airplanes_0632,0,0
airplanes_0633,0,0
airplanes_0634,0,0
airplanes_0635,0,0
airplanes_0636,0,0
airplanes_0637,0,0
airplanes_0638,0,0
airplanes_0639,0,0
airplanes_0640,0,0
airplanes_0641,0,0
airplanes_0642,0,0
airplanes_0643,0,0
airplanes_0644,0,0
airplanes_0645,0,0
airplanes_0646,0,0
airplanes_0647,0,0
airplanes_0648,0,0
airplanes_0649,0,0
airplanes_0650,0,0
airplanes_0651,0,0
airplanes_0652,0,0
airplanes_0653,0,0
airplanes_0654,0,0
airplanes_0655,0,0
airplanes_0656,0,0
airplanes_0657,0,0
airplanes_0658,0,0
airplanes_0659,0,0
airplanes_0660,0,0
airplanes_0661,0,0
airplanes_0662,0,0
airplanes_0663,0,0
airplanes_0664,0,0
airplanes_0665,0,0
airplanes_0666,0,0
airplanes_0667,0,0
airplanes_0668,0,0
airplanes_0669,0,0
airplanes_0670,0,0
airplanes_0671,0,0
airplanes_0672,0,0
airplanes_0673,0,0
airplanes_0674,0,0
airplanes_0675,0,0
airplanes_0676,0,0
airplanes_0677,0,0
airplanes_0678,0,0
airplanes_0679,0,0
airplanes_0680,0,0
airplanes_0681,0,0
airplanes_0682,0,0
airplanes_0683,0,0
airplanes_0684,0,0
airplanes_0685,0,0
airplanes_0686,0,0
airplanes_0687,0,0
airplanes_0688,0,0
airplanes_0689,0,0
airplanes_0690,0,0
airplanes_0691,0,0
airplanes_0692,0,0
airplanes_0693,0,0
airplanes_0694,0,0
airplanes_0695,0,0
airplanes_0696,0,0
airplanes_0697,0,0
airplanes_0698,0,0
airplanes_0699,0,0
airplanes_0700,0,0
airplanes_0701,0,0
airplanes_0702,0,0
airplanes_0703,0,0
airplanes_0704,0,0
airplanes_0705,0,0
airplanes_0706,0,0
airplanes_0707,0,0
airplanes_0708,0,0
airplanes_0709,0,0
airplanes_0710,0,0
airplanes_0711,0,0
airplanes_0712,0,0
airplanes_0713,0,0
airplanes_0714,0,0
airplanes_0715,0,0
airplanes_0716,0,0
airplanes_0717,0,0
airplanes_0718,0,0
airplanes_0719,0,0
airplanes_0720,0,0
airplanes_0721,0,0
airplanes_0722,0,0
airplanes_0723,0,0
airplanes_0724,0,0
airplanes_0725,0,0
airplanes_0726,0,0
airplanes_0727,0,0
airplanes_0728,0,0
airplanes_0729,0,0
airplanes_0730,0,0
airplanes_0731,0,0
airplanes_0732,0,0
airplanes_0733,0,0
airplanes_0734,0,0
airplanes_0735,0,0
airplanes_0736,0,0
airplanes_0737,0,0
airplanes_0738,0,0
airplanes_0739,0,0
airplanes_0740,0,0
airplanes_0741,0,0
airplanes_0742,0,0
airplanes_0743,0,0
airplanes_0744,0,0
airplanes_0745,0,0
airplanes_0746,0,0
airplanes_0747,0,0
airplanes_0748,0,0
airplanes_0749,0,0
airplanes_0750,0,0
airplanes_0751,0,0
airplanes_0752,0,0
airplanes_0753,0,0
airplanes_0754,0,0
airplanes_0755,0,0
airplanes_0756,0,0
airplanes_0757,0,0
airplanes_0758,0,0
airplanes_0759,0,0
airplanes_0760,0,0
airplanes_0761,0,0
airplanes_0762,0,0
airplanes_0763,0,0
airplanes_0764,0,0
airplanes_0765,0,0
airplanes_0766,0,0
airplanes_0767,0,0
airplanes_0768,0,0
airplanes_0769,0,0
airplanes_0770,0,0
airplanes_0771,0,0
airplanes_0772,0,0
airplanes_0773,0,0
airplanes_0774,0,0
airplanes_0775,0,0
airplanes_0776,0,0
airplanes_0777,0,0
airplanes_0778,0,0
airplanes_0779,0,0
airplanes_0780,0,0
airplanes_0781,0,0
airplanes_0782,0,0
airplanes_0783,0,0
airplanes_0784,0,0
airplanes_0785,0,0
airplanes_0786,0,0
airplanes_0787,0,0
airplanes_0788,0,0
airplanes_0789,0,0
airplanes_0790,0,0
airplanes_0791,0,0
airplanes_0792,0,0
airplanes_0793,0,0
airplanes_0794,0,0
airplanes_0795,0,0
airplanes_0796,0,0
airplanes_0797,0,0
airplanes_0798,0,0
airplanes_0799,0,0
airplanes_0800,0,0
anchor_0001,0,0
anchor_0002,0,0
anchor_0003,0,0
anchor_0004,0,0
anchor_0005,0,0
anchor_0006,0,0
anchor_0007,0,0
anchor_0008,0,0
anchor_0009,0,0
anchor_0010,0,0
anchor_0011,0,0
anchor_0012,0,0
anchor_0013,0,0
anchor_0014,0,0
anchor_0015,0,0
anchor_0016,0,0
anchor_0017,0,0
anchor_0018,0,0
anchor_0019,0,0
anchor_0020,0,0
anchor_0021,0,0
anchor_0022,0,0
anchor_0023,0,0
anchor_0024,0,0
anchor_0025,0,0
anchor_0026,0,0
anchor_0027,0,0
anchor_0028,0,0
anchor_0029,0,0
anchor_0030,0,0
anchor_0031,0,0
anchor_0032,0,0
anchor_0033,0,0
anchor_0034,0,0
anchor_0035,0,0
anchor_0036,0,0
anchor_0037,0,0
anchor_0038,0,0
anchor_0039,0,0
anchor_0040,0,0
anchor_0041,0,0
anchor_0042,0,0
ant_0001,0,0
ant_0002,0,0
ant_0003,0,0
ant_0004,0,0
ant_0005,0,0
ant_0006,0,0
ant_0007,0,0
ant_0008,0,0
ant_0009,0,0
ant_0010,0,0
ant_0011,0,0
ant_0012,0,0
ant_0013,0,0
ant_0014,0,0
ant_0015,0,0
ant_0016,0,0
ant_0017,0,0
ant_0018,0,0
ant_0019,0,0
ant_0020,0,0
ant_0021,0,0
ant_0022,0,0
ant_0023,0,0
ant_0024,0,0
ant_0025,0,0
ant_0026,0,0
ant_0027,0,0
ant_0028,0,0
ant_0029,0,0
ant_0030,0,0
ant_0031,0,0
ant_0032,0,0
ant_0033,0,0
ant_0034,0,0
ant_0035,0,0
ant_0036,0,0
ant_0037,0,0
ant_0038,0,0
ant_0039,0,0
ant_0040,0,0
ant_0041,0,0
ant_0042,0,0
background_0001,0,0
background_0002,0,0
background_0003,0,0
background_0004,0,0
background_0005,0,0
background_0006,0,0
background_0007,0,0
background_0008,0,0
background_0009,0,0
background_0010,0,0
background_0011,0,0
background_0012,0,0
background_0013,0,0
background_0014,0,0
background_0015,0,0
background_0016,0,0
background_0017,0,0
background_0018,0,0
background_0019,0,0
background_0020,0,0
background_0021,0,0
background_0022,0,0
background_0023,0,0
background_0024,0,0
background_0025,0,0
background_0026,0,0
background_0027,0,0
background_0028,0,0
background_0029,0,0
background_0030,0,0
background_0031,0,0
background_0032,0,0
background_0033,0,0
background_0034,0,0
background_0035,0,0
background_0036,0,0
background_0037,0,0
background_0038,0,0
background_0039,0,0
background_0040,0,0
background_0041,0,0
background_0042,0,0
background_0043,0,0
background_0044,0,0
background_0045,0,0
background_0046,0,0
background_0047,0,0
background_0048,0,0
background_0049,0,0
background_0050,0,0
background_0051,0,0
background_0052,0,0
background_0053,0,0
background_0054,0,0
background_0055,0,0
background_0056,0,0
background_0057,0,0
background_0058,0,0
background_0059,0,0
background_0060,0,0
background_0061,0,0
background_0062,0,0
background_0063,0,0
background_0064,0,0
background_0065,0,0
background_0066,0,0
background_0067,0,0
background_0068,0,0
background_0069,0,0
background_0070,0,0
background_0071,0,0
background_0072,0,0
background_0073,0,0
background_0074,0,0
background_0075,0,0
background_0076,0,0
background_0077,0,0
background_0078,0,0
background_0079,0,0
background_0080,0,0
background_0081,0,0
background_0082,0,0
background_0083,0,0
background_0084,0,0
background_0085,0,0
background_0086,0,0
background_0087,0,0
background_0088,0,0
background_0089,0,0
background_0090,0,0
background_0091,0,0
background_0092,0,0
background_0093,0,0
background_0094,0,0
background_0095,0,0
background_0096,0,0
background_0097,0,0
background_0098,0,0
background_0099,0,0
background_0100,0,0
background_0101,0,0
background_0102,0,0
background_0103,0,0
background_0104,0,0
background_0105,0,0
background_0106,0,0
background_0107,0,0
background_0108,0,0
background_0109,0,0
background_0110,0,0
background_0111,0,0
background_0112,0,0
background_0113,0,0
background_0114,0,0
background_0115,0,0
background_0116,0,0
background_0117,0,0
background_0118,0,0
background_0119,0,0
background_0120,0,0
background_0121,0,0
background_0122,0,0
background_0123,0,0
background_0124,0,0
background_0125,0,0
background_0126,0,0
background_0127,0,0
background_0128,0,0
background_0129,0,0
background_0130,0,0
background_0131,0,0
background_0132,0,0
background_0133,0,0
background_0134,0,0
background_0135,0,0
background_0136,0,0
background_0137,0,0
background_0138,0,0
background_0139,0,0
background_0140,0,0
background_0141,0,0
background_0142,0,0
background_0143,0,0
background_0144,0,0
background_0145,0,0
background_0146,0,0
background_0147,0,0
background_0148,0,0
background_0149,0,0
background_0150,0,0
background_0151,0,0
background_0152,0,0
background_0153,0,0
background_0154,0,0
background_0155,0,0
background_0156,0,0
background_0157,0,0
background_0158,0,0
background_0159,0,0
background_0160,0,0
background_0161,0,0
background_0162,0,0
background_0163,0,0
background_0164,0,0
background_0165,0,0
background_0166,0,0
background_0167,0,0
background_0168,0,0
background_0169,0,0
background_0170,0,0
background_0171,0,0
background_0172,0,0
background_0173,0,0
background_0174,0,0
background_0175,0,0
background_0176,0,0
background_0177,0,0
background_0178,0,0
background_0179,0,0
background_0180,0,0
background_0181,0,0
background_0182,0,0
background_0183,0,0
background_0184,0,0
background_0185,0,0
background_0186,0,0
background_0187,0,0
background_0188,0,0
background_0189,0,0
background_0190,0,0
background_0191,0,0
background_0192,0,0
background_0193,0,0
background_0194,0,0
background_0195,0,0
background_0196,0,0
background_0197,0,0
background_0198,0,0
background_0199,0,0
background_0200,0,0
background_0201,0,0
background_0202,0,0
background_0203,0,0
background_0204,0,0
background_0205,0,0
background_0206,0,0
background_0207,0,0
background_0208,0,0
background_0209,0,0
background_0210,0,0
background_0211,0,0
background_0212,0,0
background_0213,0,0
background_0214,0,0
background_0215,0,0
background_0216,0,0
background_0217,0,0
background_0218,0,0
background_0219,0,0
background_0220,0,0
background_0221,0,0
background_0222,0,0
background_0223,0,0
background_0224,0,0
background_0225,0,0
background_0226,0,0
background_0227,0,0
background_0228,0,0
background_0229,0,0
background_0230,0,0
background_0231,0,0
background_0232,0,0
background_0233,0,0
background_0234,0,0
background_0235,0,0
background_0236,0,0
background_0237,0,0
background_0238,0,0
background_0239,0,0
background_0240,0,0
background_0241,0,0
background_0242,0,0
background_0243,0,0
background_0244,0,0
background_0245,0,0
background_0246,0,0
background_0247,0,0
background_0248,0,0
background_0249,0,0
background_0250,0,0
background_0251,0,0
background_0252,0,0
background_0253,0,0
background_0254,0,0
background_0255,0,0
background_0256,0,0
background_0257,0,0
background_0258,0,0
background_0259,0,0
background_0260,0,0
background_0261,0,0
background_0262,0,0
background_0263,0,0
background_0264,0,0
background_0265,0,0
background_0266,0,0
background_0267,0,0
background_0268,0,0
background_0269,0,0
background_0270,0,0
background_0271,0,0
background_0272,0,0
background_0273,0,0
background_0274,0,0
background_0275,0,0
background_0276,0,0
background_0277,0,0
background_0278,0,0
background_0279,0,0
background_0280,0,0
background_0281,0,0
background_0282,0,0
background_0283,0,0
background_0284,0,0
background_0285,0,0
background_0286,0,0
background_0287,0,0
background_0288,0,0
background_0289,0,0
background_0290,0,0
background_0291,0,0
background_0292,0,0
background_0293,0,0
background_0294,0,0
background_0295,0,0
background_0296,0,0
background_0297,0,0
background_0298,0,0
background_0299,0,0
background_0300,0,0
background_0301,0,0
background_0302,0,0
background_0303,0,0
background_0304,0,0
background_0305,0,0
background_0306,0,0
background_0307,0,0
background_0308,0,0
background_0309,0,0
background_0310,0,0
background_0311,0,0
background_0312,0,0
background_0313,0,0
background_0314,0,0
background_0315,0,0
background_0316,0,0
background_0317,0,0
background_0318,0,0
background_0319,0,0
background_0320,0,0
background_0321,0,0
background_0322,0,0
background_0323,0,0
background_0324,0,0
background_0325,0,0
background_0326,0,0
background_0327,0,0
background_0328,0,0
background_0329,0,0
background_0330,0,0
background_0331,0,0
background_0332,0,0
background_0333,0,0
background_0334,0,0
background_0335,0,0
background_0336,0,0
background_0337,0,0
background_0338,0,0
background_0339,0,0
background_0340,0,0
background_0341,0,0
background_0342,0,0
background_0343,0,0
background_0344,0,0
background_0345,0,0
background_0346,0,0
background_0347,0,0
background_0348,0,0
background_0349,0,0
background_0350,0,0
background_0351,0,0
background_0352,0,0
background_0353,0,0
background_0354,0,0
background_0355,0,0
background_0356,0,0
background_0357,0,0
background_0358,0,0
background_0359,0,0
background_0360,0,0
background_0361,0,0
background_0362,0,0
background_0363,0,0
background_0364,0,0
background_0365,0,0
background_0366,0,0
background_0367,0,0
background_0368,0,0
background_0369,0,0
background_0370,0,0
background_0371,0,0
background_0372,0,0
background_0373,0,0
background_0374,0,0
background_0375,0,0
background_0376,0,0
background_0377,0,0
background_0378,0,0
background_0379,0,0
background_0380,0,0
background_0381,0,0
background_0382,0,0
background_0383,0,0
background_0384,0,0
background_0385,0,0
background_0386,0,0
background_0387,0,0
background_0388,0,0
background_0389,0,0
background_0390,0,0
background_0391,0,0
background_0392,0,0
background_0393,0,0
background_0394,0,0
background_0395,0,0
background_0396,0,0
background_0397,0,0
background_0398,0,0
background_0399,0,0
background_0400,0,0
barrel_0001,0,0
barrel_0002,0,0
barrel_0003,0,0
barrel_0004,0,0
barrel_0005,0,0
barrel_0006,0,0
barrel_0007,0,0
barrel_0008,0,0
barrel_0009,0,0
barrel_0010,0,0
barrel_0011,0,0
barrel_0012,0,0
barrel_0013,0,0
barrel_0014,0,0
barrel_0015,0,0
barrel_0016,0,0
barrel_0017,0,0
barrel_0018,0,0
barrel_0019,0,0
barrel_0020,0,0
barrel_0021,0,0
barrel_0022,0,0
barrel_0023,0,0
barrel_0024,0,0
barrel_0025,0,0
barrel_0026,0,0
barrel_0027,0,0
barrel_0028,0,0
barrel_0029,0,0
barrel_0030,0,0
barrel_0031,0,0
barrel_0032,0,0
barrel_0033,0,0
barrel_0034,0,0
barrel_0035,0,0
barrel_0036,0,0
barrel_0037,0,0
barrel_0038,0,0
barrel_0039,0,0
barrel_0040,0,0
barrel_0041,0,0
barrel_0042,0,0
barrel_0043,0,0
barrel_0044,0,0
barrel_0045,0,0
barrel_0046,0,0
barrel_0047,0,0
bass_0001,0,0
bass_0002,0,0
bass_0003,0,0
bass_0004,0,0
bass_0005,0,0
bass_0006,0,0
bass_0007,0,0
bass_0008,0,0
bass_0009,0,0
bass_0010,0,0
bass_0011,0,0
bass_0012,0,0
bass_0013,0,0
bass_0014,0,0
bass_0015,0,0
bass_0016,0,0
bass_0017,0,0
bass_0018,0,0
bass_0019,0,0
bass_0020,0,0
bass_0021,0,0
bass_0022,0,0
bass_0023,0,0
bass_0024,0,0
bass_0025,0,0
bass_0026,0,0
bass_0027,0,0
bass_0028,0,0
bass_0029,0,0
bass_0030,0,0
bass_0031,0,0
bass_0032,0,0
bass_0033,0,0
bass_0034,0,0
bass_0035,0,0
bass_0036,0,0
bass_0037,0,0
bass_0038,0,0
bass_0039,0,0
bass_0040,0,0
bass_0041,0,0
bass_0042,0,0
bass_0043,0,0
bass_0044,0,0
bass_0045,0,0
bass_0046,0,0
bass_0047,0,0
bass_0048,0,0
bass_0049,0,0
bass_0050,0,0
bass_0051,0,0
bass_0052,0,0
bass_0053,0,0
bass_0054,0,0
beaver_0001,0,0
beaver_0002,0,0
beaver_0003,0,0
beaver_0004,0,0
beaver_0005,0,0
beaver_0006,0,0
beaver_0007,0,0
beaver_0008,0,0
beaver_0009,0,0
beaver_0010,0,0
beaver_0011,0,0
beaver_0012,0,0
beaver_0013,0,0
beaver_0014,0,0
beaver_0015,0,0
beaver_0016,0,0
beaver_0017,0,0
beaver_0018,0,0
beaver_0019,0,0
beaver_0020,0,0
beaver_0021,0,0
beaver_0022,0,0
beaver_0023,0,0
beaver_0024,0,0
beaver_0025,0,0
beaver_0026,0,0
beaver_0027,0,0
beaver_0028,0,0
beaver_0029,0,0
beaver_0030,0,0
beaver_0031,0,0
beaver_0032,0,0
beaver_0033,0,0
beaver_0034,0,0
beaver_0035,0,0
beaver_0036,0,0
beaver_0037,0,0
beaver_0038,0,0
beaver_0039,0,0
beaver_0040,0,0
beaver_0041,0,0
beaver_0042,0,0
beaver_0043,0,0
beaver_0044,0,0
beaver_0045,0,0
beaver_0046,0,0
binocular_0001,0,0
binocular_0002,0,0
binocular_0003,0,0
binocular_0004,0,0
binocular_0005,0,0
binocular_0006,0,0
binocular_0007,0,0
binocular_0008,0,0
binocular_0009,0,0
binocular_0010,0,0
binocular_0011,0,0
binocular_0012,0,0
binocular_0013,0,0
binocular_0014,0,0
binocular_0015,0,0
binocular_0016,0,0
binocular_0017,0,0
binocular_0018,0,0
binocular_0019,0,0
binocular_0020,0,0
binocular_0021,0,0
binocular_0022,0,0
binocular_0023,0,0
binocular_0024,0,0
binocular_0025,0,0
binocular_0026,0,0
binocular_0027,0,0
binocular_0028,0,0
binocular_0029,0,0
binocular_0030,0,0
binocular_0031,0,0
binocular_0032,0,0
binocular_0033,0,0
bonsai_0001,0,0
bonsai_0002,0,0
bonsai_0003,0,0
bonsai_0004,0,0
bonsai_0005,0,0
bonsai_0006,0,0
bonsai_0007,0,0
bonsai_0008,0,0
bonsai_0009,0,0
bonsai_0010,0,0
bonsai_0011,0,0
bonsai_0012,0,0
bonsai_0013,0,0
bonsai_0014,0,0
bonsai_0015,0,0
bonsai_0016,0,0
bonsai_0017,0,0
bonsai_0018,0,0
bonsai_0019,0,0
bonsai_0020,0,0
bonsai_0021,0,0
bonsai_0022,0,0
bonsai_0023,0,0
bonsai_0024,0,0
bonsai_0025,0,0
bonsai_0026,0,0
bonsai_0027,0,0
bonsai_0028,0,0
bonsai_0029,0,0
bonsai_0030,0,0
bonsai_0031,0,0
bonsai_0032,0,0
bonsai_0033,0,0
bonsai_0034,0,0
bonsai_0035,0,0
bonsai_0036,0,0
bonsai_0037,0,0
bonsai_0038,0,0
bonsai_0039,0,0
bonsai_0040,0,0
bonsai_0041,0,0
bonsai_0042,0,0
bonsai_0043,0,0
bonsai_0044,0,0
bonsai_0045,0,0
bonsai_0046,0,0
bonsai_0047,0,0
bonsai_0048,0,0
bonsai_0049,0,0
bonsai_0050,0,0
bonsai_0051,0,0
bonsai_0052,0,0
bonsai_0053,0,0
bonsai_0054,0,0
bonsai_0055,0,0
bonsai_0056,0,0
bonsai_0057,0,0
bonsai_0058,0,0
bonsai_0059,0,0
bonsai_0060,0,0
bonsai_0061,0,0
bonsai_0062,0,0
bonsai_0063,0,0
bonsai_0064,0,0
bonsai_0065,0,0
bonsai_0066,0,0
bonsai_0067,0,0
bonsai_0068,0,0
bonsai_0069,0,0
bonsai_0070,0,0
bonsai_0071,0,0
bonsai_0072,0,0
bonsai_0073,0,0
bonsai_0074,0,0
bonsai_0075,0,0
bonsai_0076,0,0
bonsai_0077,0,0
bonsai_0078,0,0
bonsai_0079,0,0
bonsai_0080,0,0
bonsai_0081,0,0
bonsai_0082,0,0
bonsai_0083,0,0
bonsai_0084,0,0
bonsai_0085,0,0
bonsai_0086,0,0
bonsai_0087,0,0
bonsai_0088,0,0
bonsai_0089,0,0
bonsai_0090,0,0
bonsai_0091,0,0
bonsai_0092,0,0
bonsai_0093,0,0
bonsai_0094,0,0
bonsai_0095,0,0
bonsai_0096,0,0
bonsai_0097,0,0
bonsai_0098,0,0
bonsai_0099,0,0
bonsai_0100,0,0
bonsai_0101,0,0
bonsai_0102,0,0
bonsai_0103,0,0
bonsai_0104,0,0
bonsai_0105,0,0
bonsai_0106,0,0
bonsai_0107,0,0
bonsai_0108,0,0
bonsai_0109,0,0
bonsai_0110,0,0
bonsai_0111,0,0
bonsai_0112,0,0
bonsai_0113,0,0
bonsai_0114,0,0
bonsai_0115,0,0
bonsai_0116,0,0
bonsai_0117,0,0
bonsai_0118,0,0
bonsai_0119,0,0
bonsai_0120,0,0
bonsai_0121,0,0
bonsai_0122,0,0
bonsai_0123,0,0
bonsai_0124,0,0
bonsai_0125,0,0
bonsai_0126,0,0
bonsai_0127,0,0
bonsai_0128,0,0
brain_0001,0,0
brain_0002,0,0
brain_0003,0,0
brain_0004,0,0
brain_0005,0,0
brain_0006,0,0
brain_0007,0,0
brain_0008,0,0
brain_0009,0,0
brain_0010,0,0
brain_0011,0,0
brain_0012,0,0
brain_0013,0,0
brain_0014,0,0
brain_0015,0,0
brain_0016,0,0
brain_0017,0,0
brain_0018,0,0
brain_0019,0,0
brain_0020,0,0
brain_0021,0,0
brain_0022,0,0
brain_0023,0,0
brain_0024,0,0
brain_0025,0,0
brain_0026,0,0
brain_0027,0,0
brain_0028,0,0
brain_0029,0,0
brain_0030,0,0
brain_0031,0,0
brain_0032,0,0
brain_0033,0,0
brain_0034,0,0
brain_0035,0,0
brain_0036,0,0
brain_0037,0,0
brain_0038,0,0
brain_0039,0,0
brain_0040,0,0
brain_0041,0,0
brain_0042,0,0
brain_0043,0,0
brain_0044,0,0
brain_0045,0,0
brain_0046,0,0
brain_0047,0,0
brain_0048,0,0
brain_0049,0,0
brain_0050,0,0
brain_0051,0,0
brain_0052,0,0
brain_0053,0,0
brain_0054,0,0
brain_0055,0,0
brain_0056,0,0
brain_0057,0,0
brain_0058,0,0
brain_0059,0,0
brain_0060,0,0
brain_0061,0,0
brain_0062,0,0
brain_0063,0,0
brain_0064,0,0
brain_0065,0,0
brain_0066,0,0
brain_0067,0,0
brain_0068,0,0
brain_0069,0,0
brain_0070,0,0
brain_0071,0,0
brain_0072,0,0
brain_0073,0,0
brain_0074,0,0
brain_0075,0,0
brain_0076,0,0
brain_0077,0,0
brain_0078,0,0
brain_0079,0,0
brain_0080,0,0
brain_0081,0,0
brain_0082,0,0
brain_0083,0,0
brain_0084,0,0
brain_0085,0,0
brain_0086,0,0
brain_0087,0,0
brain_0088,0,0
brain_0089,0,0
brain_0090,0,0
brain_0091,0,0
brain_0092,0,0
brain_0093,0,0
brain_0094,0,0
brain_0095,0,0
brain_0096,0,0
brain_0097,0,0
brain_0098,0,0
brontosaurus_0001,0,0
brontosaurus_0002,0,0
brontosaurus_0003,0,0
brontosaurus_0004,0,0
brontosaurus_0005,0,0
brontosaurus_0006,0,0
brontosaurus_0007,0,0
brontosaurus_0008,0,0
brontosaurus_0009,0,0
brontosaurus_0010,0,0
brontosaurus_0011,0,0
brontosaurus_0012,0,0
brontosaurus_0013,0,0
brontosaurus_0014,0,0
brontosaurus_0015,0,0
brontosaurus_0016,0,0
brontosaurus_0017,0,0
brontosaurus_0018,0,0
brontosaurus_0019,0,0
brontosaurus_0020,0,0
brontosaurus_0021,0,0
brontosaurus_0022,0,0
brontosaurus_0023,0,0
brontosaurus_0024,0,0
brontosaurus_0025,0,0
brontosaurus_0026,0,0
brontosaurus_0027,0,0
brontosaurus_0028,0,0
brontosaurus_0029,0,0
brontosaurus_0030,0,0
brontosaurus_0031,0,0
brontosaurus_0032,0,0
brontosaurus_0033,0,0
brontosaurus_0034,0,0
brontosaurus_0035,0,0
brontosaurus_0036,0,0
brontosaurus_0037,0,0
brontosaurus_0038,0,0
brontosaurus_0039,0,0
brontosaurus_0040,0,0
brontosaurus_0041,0,0
brontosaurus_0042,0,0
brontosaurus_0043,0,0
buddha_0001,0,0
buddha_0002,0,0
buddha_0003,0,0
buddha_0004,0,0
buddha_0005,0,0
buddha_0006,0,0
buddha_0007,0,0
buddha_0008,0,0
buddha_0009,0,0
buddha_0010,0,0
buddha_0011,0,0
buddha_0012,0,0
buddha_0013,0,0
buddha_0014,0,0
buddha_0015,0,0
buddha_0016,0,0
buddha_0017,0,0
buddha_0018,0,0
buddha_0019,0,0
buddha_0020,0,0
buddha_0021,0,0
buddha_0022,0,0
buddha_0023,0,0
buddha_0024,0,0
buddha_0025,0,0
buddha_0026,0,0
buddha_0027,0,0
buddha_0028,0,0
buddha_0029,0,0
buddha_0030,0,0
buddha_0031,0,0
buddha_0032,0,0
buddha_0033,0,0
buddha_0034,0,0
buddha_0035,0,0
buddha_0036,0,0
buddha_0037,0,0
buddha_0038,0,0
buddha_0039,0,0
buddha_0040,0,0
buddha_0041,0,0
buddha_0042,0,0
buddha_0043,0,0
buddha_0044,0,0
buddha_0045,0,0
buddha_0046,0,0
buddha_0047,0,0
buddha_0048,0,0
buddha_0049,0,0
buddha_0050,0,0
buddha_0051,0,0
buddha_0052,0,0
buddha_0053,0,0
buddha_0054,0,0
buddha_0055,0,0
buddha_0056,0,0
buddha_0057,0,0
buddha_0058,0,0
buddha_0059,0,0
buddha_0060,0,0
buddha_0061,0,0
buddha_0062,0,0
buddha_0063,0,0
buddha_0064,0,0
buddha_0065,0,0
buddha_0066,0,0
buddha_0067,0,0
buddha_0068,0,0
buddha_0069,0,0
buddha_0070,0,0
buddha_0071,0,0
buddha_0072,0,0
buddha_0073,0,0
buddha_0074,0,0
buddha_0075,0,0
buddha_0076,0,0
buddha_0077,0,0
buddha_0078,0,0
buddha_0079,0,0
buddha_0080,0,0
buddha_0081,0,0
buddha_0082,0,0
buddha_0083,0,0
buddha_0084,0,0
buddha_0085,0,0
butterfly_0001,0,0
butterfly_0002,0,0
butterfly_0003,0,0
butterfly_0004,0,0
butterfly_0005,0,0
butterfly_0006,0,0
butterfly_0007,0,0
butterfly_0008,0,0
butterfly_0009,0,0
butterfly_0010,0,0
butterfly_0011,0,0
butterfly_0012,0,0
butterfly_0013,0,0
butterfly_0014,0,0
butterfly_0015,0,0
butterfly_0016,0,0
butterfly_0017,0,0
butterfly_0018,0,0
butterfly_0019,0,0
butterfly_0020,0,0
butterfly_0021,0,0
butterfly_0022,0,0
butterfly_0023,0,0
butterfly_0024,0,0
butterfly_0025,0,0
butterfly_0026,0,0
butterfly_0027,0,0
butterfly_0028,0,0
butterfly_0029,0,0
butterfly_0030,0,0
butterfly_0031,0,0
butterfly_0032,0,0
butterfly_0033,0,0
butterfly_0034,0,0
butterfly_0035,0,0
butterfly_0036,0,0
butterfly_0037,0,0
butterfly_0038,0,0
butterfly_0039,0,0
butterfly_0040,0,0
butterfly_0041,0,0
butterfly_0042,0,0
butterfly_0043,0,0
butterfly_0044,0,0
butterfly_0045,0,0
butterfly_0046,0,0
butterfly_0047,0,0
butterfly_0048,0,0
butterfly_0049,0,0
butterfly_0050,0,0
butterfly_0051,0,0
butterfly_0052,0,0
butterfly_0053,0,0
butterfly_0054,0,0
butterfly_0055,0,0
butterfly_0056,0,0
butterfly_0057,0,0
butterfly_0058,0,0
butterfly_0059,0,0
butterfly_0060,0,0
butterfly_0061,0,0
butterfly_0062,0,0
butterfly_0063,0,0
butterfly_0064,0,0
butterfly_0065,0,0
butterfly_0066,0,0
butterfly_0067,0,0
butterfly_0068,0,0
butterfly_0069,0,0
butterfly_0070,0,0
butterfly_0071,0,0
butterfly_0072,0,0
butterfly_0073,0,0
butterfly_0074,0,0
butterfly_0075,0,0
butterfly_0076,0,0
butterfly_0077,0,0
butterfly_0078,0,0
butterfly_0079,0,0
butterfly_0080,0,0
butterfly_0081,0,0
butterfly_0082,0,0
butterfly_0083,0,0
butterfly_0084,0,0
butterfly_0085,0,0
butterfly_0086,0,0
butterfly_0087,0,0
butterfly_0088,0,0
butterfly_0089,0,0
butterfly_0090,0,0
butterfly_0091,0,0
camera_0001,0,0
camera_0002,0,0
camera_0003,0,0
camera_0004,0,0
camera_0005,0,0
camera_0006,0,0
camera_0007,0,0
camera_0008,0,0
camera_0009,0,0
camera_0010,0,0
camera_0011,0,0
camera_0012,0,0
camera_0013,0,0
camera_0014,0,0
camera_0015,0,0
camera_0016,0,0
camera_0017,0,0
camera_0018,0,0
camera_0019,0,0
camera_0020,0,0
camera_0021,0,0
camera_0022,0,0
camera_0023,0,0
camera_0024,0,0
camera_0025,0,0
camera_0026,0,0
camera_0027,0,0
camera_0028,0,0
camera_0029,0,0
camera_0030,0,0
camera_0031,0,0
camera_0032,0,0
camera_0033,0,0
camera_0034,0,0
camera_0035,0,0
camera_0036,0,0
camera_0037,0,0
camera_0038,0,0
camera_0039,0,0
camera_0040,0,0
camera_0041,0,0
camera_0042,0,0
camera_0043,0,0
camera_0044,0,0
camera_0045,0,0
camera_0046,0,0
camera_0047,0,0
camera_0048,0,0
camera_0049,0,0
camera_0050,0,0
cannon_0001,0,0
cannon_0002,0,0
cannon_0003,0,0
cannon_0004,0,0
cannon_0005,0,0
cannon_0006,0,0
cannon_0007,0,0
cannon_0008,0,0
cannon_0009,0,0
cannon_0010,0,0
cannon_0011,0,0
cannon_0012,0,0
cannon_0013,0,0
cannon_0014,0,0
cannon_0015,0,0
cannon_0016,0,0
cannon_0017,0,0
cannon_0018,0,0
cannon_0019,0,0
cannon_0020,0,0
cannon_0021,0,0
cannon_0022,0,0
cannon_0023,0,0
cannon_0024,0,0
cannon_0025,0,0
cannon_0026,0,0
cannon_0027,0,0
cannon_0028,0,0
cannon_0029,0,0
cannon_0030,0,0
cannon_0031,0,0
cannon_0032,0,0
cannon_0033,0,0
cannon_0034,0,0
cannon_0035,0,0
cannon_0036,0,0
cannon_0037,0,0
cannon_0038,0,0
cannon_0039,0,0
cannon_0040,0,0
cannon_0041,0,0
cannon_0042,0,0
cannon_0043,0,0
crocodile_0001,0,0
crocodile_0002,0,0
crocodile_0003,0,0
crocodile_0004,0,0
crocodile_0005,0,0
crocodile_0006,0,0
crocodile_0007,0,0
crocodile_0008,0,0
crocodile_0009,0,0
crocodile_0010,0,0
crocodile_0011,0,0
crocodile_0012,0,0
crocodile_0013,0,0
crocodile_0014,0,0
crocodile_0015,0,0
crocodile_0016,0,0
crocodile_0017,0,0
crocodile_0018,0,0
crocodile_0019,0,0
crocodile_0020,0,0
crocodile_0021,0,0
crocodile_0022,0,0
crocodile_0023,0,0
crocodile_0024,0,0
crocodile_0025,0,0
crocodile_0026,0,0
crocodile_0027,0,0
crocodile_0028,0,0
crocodile_0029,0,0
crocodile_0030,0,0
crocodile_0031,0,0
crocodile_0032,0,0
crocodile_0033,0,0
crocodile_0034,0,0
crocodile_0035,0,0
crocodile_0036,0,0
crocodile_0037,0,0
crocodile_0038,0,0
crocodile_0039,0,0
crocodile_0040,0,0
crocodile_0041,0,0
crocodile_0042,0,0
crocodile_0043,0,0
crocodile_0044,0,0
crocodile_0045,0,0
crocodile_0046,0,0
crocodile_0047,0,0
crocodile_0048,0,0
crocodile_0049,0,0
crocodile_0050,0,0
dolphin_0001,0,0
dolphin_0002,0,0
dolphin_0003,0,0
dolphin_0004,0,0
dolphin_0005,0,0
dolphin_0006,0,0
dolphin_0007,0,0
dolphin_0008,0,0
dolphin_0009,0,0
dolphin_0010,0,0
dolphin_0011,0,0
dolphin_0012,0,0
dolphin_0013,0,0
dolphin_0014,0,0
dolphin_0015,0,0
dolphin_0016,0,0
dolphin_0017,0,0
dolphin_0018,0,0
dolphin_0019,0,0
dolphin_0020,0,0
dolphin_0021,0,0
dolphin_0022,0,0
dolphin_0023,0,0
dolphin_0024,0,0
dolphin_0025,0,0
dolphin_0026,0,0
dolphin_0027,0,0
dolphin_0028,0,0
dolphin_0029,0,0
dolphin_0030,0,0
dolphin_0031,0,0
dolphin_0032,0,0
dolphin_0033,0,0
dolphin_0034,0,0
dolphin_0035,0,0
dolphin_0036,0,0
dolphin_0037,0,0
dolphin_0038,0,0
dolphin_0039,0,0
dolphin_0040,0,0
dolphin_0041,0,0
dolphin_0042,0,0
dolphin_0043,0,0
dolphin_0044,0,0
dolphin_0045,0,0
dolphin_0046,0,0
dolphin_0047,0,0
dolphin_0048,0,0
dolphin_0049,0,0
dolphin_0050,0,0
dolphin_0051,0,0
dolphin_0052,0,0
dolphin_0053,0,0
dolphin_0054,0,0
dolphin_0055,0,0
dolphin_0056,0,0
dolphin_0057,0,0
dolphin_0058,0,0
dolphin_0059,0,0
dolphin_0060,0,0
dolphin_0061,0,0
dolphin_0062,0,0
dolphin_0063,0,0
dolphin_0064,0,0
dolphin_0065,0,0
samples (copy).csv
samples.csv
samples_edit_calc.csv
samples_edit_calc.ods
samples_raw.csv
