background_0001.jpg,1,0
background_0002.jpg,1,0
background_0003.jpg,1,0
background_0004.jpg,1,1
background_0005.jpg,1,0
background_0006.jpg,1,0
background_0007.jpg,1,0
background_0008.jpg,1,0
background_0009.jpg,1,0
background_0010.jpg,1,0
background_0011.jpg,1,1
background_0012.jpg,1,0
background_0013.jpg,1,0
background_0014.jpg,1,0
background_0015.jpg,1,1
background_0016.jpg,1,1
background_0017.jpg,1,0
background_0018.jpg,1,0
background_0019.jpg,1,1
background_0020.jpg,1,1
background_0021.jpg,1,0
background_0022.jpg,1,1
background_0023.jpg,1,0
background_0024.jpg,1,0
background_0025.jpg,1,0
background_0026.jpg,1,1
background_0027.jpg,1,0
background_0028.jpg,1,0
background_0029.jpg,1,0
background_0030.jpg,1,0
background_0031.jpg,1,0
background_0032.jpg,1,1
background_0033.jpg,1,1
background_0034.jpg,1,1
background_0035.jpg,1,0
background_0036.jpg,1,0
background_0037.jpg,1,0
background_0038.jpg,1,1
background_0039.jpg,1,1
background_0040.jpg,1,1
background_0041.jpg,1,1
background_0042.jpg,1,1
background_0043.jpg,1,1
background_0044.jpg,1,1
background_0045.jpg,1,1
background_0046.jpg,1,0
background_0047.jpg,1,1
background_0048.jpg,1,1
background_0049.jpg,1,1
background_0050.jpg,1,0
background_0051.jpg,1,0
background_0052.jpg,1,0
background_0053.jpg,1,1
background_0054.jpg,1,0
background_0055.jpg,1,0
background_0056.jpg,1,0
background_0057.jpg,1,1
background_0058.jpg,1,0
background_0059.jpg,1,1
background_0060.jpg,1,0
background_0061.jpg,1,1
background_0062.jpg,1,1
background_0063.jpg,1,0
background_0064.jpg,1,1
background_0065.jpg,1,1
background_0066.jpg,1,0
background_0067.jpg,1,1
background_0068.jpg,1,0
background_0069.jpg,1,0
background_0070.jpg,1,0
background_0071.jpg,1,1
background_0072.jpg,1,1
background_0073.jpg,1,1
background_0074.jpg,1,1
background_0075.jpg,1,0
background_0076.jpg,1,0
background_0077.jpg,1,1
background_0078.jpg,1,1
background_0079.jpg,1,1
background_0080.jpg,1,1
background_0081.jpg,1,0
background_0082.jpg,1,1
background_0083.jpg,1,1
background_0084.jpg,1,1
background_0085.jpg,1,0
background_0086.jpg,1,1
background_0087.jpg,1,0
background_0088.jpg,1,1
background_0089.jpg,1,0
background_0090.jpg,1,0
background_0091.jpg,1,1
background_0092.jpg,1,0
background_0093.jpg,1,0
background_0094.jpg,1,0
background_0095.jpg,1,0
background_0096.jpg,1,0
background_0097.jpg,1,1
background_0098.jpg,1,1
background_0099.jpg,1,0
background_0100.jpg,1,0
background_0101.jpg,1,1
background_0102.jpg,1,1
background_0103.jpg,1,0
background_0104.jpg,1,0
background_0105.jpg,1,1
background_0106.jpg,1,0
background_0107.jpg,1,1
background_0108.jpg,1,1
background_0109.jpg,1,0
background_0110.jpg,1,0
background_0111.jpg,1,0
background_0112.jpg,1,1
background_0113.jpg,1,0
background_0114.jpg,1,0
background_0115.jpg,1,0
background_0116.jpg,1,0
background_0117.jpg,1,0
background_0118.jpg,1,1
background_0119.jpg,1,0
background_0120.jpg,1,1
background_0121.jpg,1,0
background_0122.jpg,1,0
background_0123.jpg,1,0
background_0124.jpg,1,1
background_0125.jpg,1,1
background_0126.jpg,1,0
background_0127.jpg,1,0
background_0128.jpg,1,1
background_0129.jpg,1,1
background_0130.jpg,1,0
background_0131.jpg,1,0
background_0132.jpg,1,1
background_0133.jpg,1,0
background_0134.jpg,1,1
background_0135.jpg,1,0
background_0136.jpg,1,1
background_0137.jpg,1,0
background_0138.jpg,1,0
background_0139.jpg,1,0
background_0140.jpg,1,1
background_0141.jpg,1,1
background_0142.jpg,1,1
background_0143.jpg,1,0
background_0144.jpg,1,1
background_0145.jpg,1,0
background_0146.jpg,1,0
background_0147.jpg,1,1
background_0148.jpg,1,0
background_0149.jpg,1,0
background_0150.jpg,1,0
background_0151.jpg,1,1
background_0152.jpg,1,0
background_0153.jpg,1,0
background_0154.jpg,1,1
background_0155.jpg,1,1
background_0156.jpg,1,0
background_0157.jpg,1,0
background_0158.jpg,1,1
background_0159.jpg,1,0
background_0160.jpg,1,1
background_0161.jpg,1,1
background_0162.jpg,1,1
background_0163.jpg,1,1
background_0164.jpg,1,1
background_0165.jpg,1,0
background_0166.jpg,1,1
background_0167.jpg,1,0
background_0168.jpg,1,0
background_0169.jpg,1,0
background_0170.jpg,1,1
background_0171.jpg,1,0
background_0172.jpg,1,1
background_0173.jpg,1,0
background_0174.jpg,1,1
background_0175.jpg,1,1
background_0176.jpg,1,0
background_0177.jpg,1,1
background_0178.jpg,1,0
background_0179.jpg,1,0
background_0180.jpg,1,1
background_0181.jpg,1,1
background_0182.jpg,1,1
background_0183.jpg,1,1
background_0184.jpg,1,0
background_0185.jpg,1,0
background_0186.jpg,1,0
background_0187.jpg,1,1
background_0188.jpg,1,0
background_0189.jpg,1,1
background_0190.jpg,1,0
background_0191.jpg,1,0
background_0192.jpg,1,0
background_0193.jpg,1,1
background_0194.jpg,1,0
background_0195.jpg,1,0
background_0196.jpg,1,0
background_0197.jpg,1,0
background_0198.jpg,1,0
background_0199.jpg,1,0
background_0200.jpg,1,1
background_0201.jpg,1,1
background_0202.jpg,1,0
background_0203.jpg,1,1
background_0204.jpg,1,1
background_0205.jpg,1,1
background_0206.jpg,1,0
background_0207.jpg,1,0
background_0208.jpg,1,0
background_0209.jpg,1,1
background_0210.jpg,1,0
background_0211.jpg,1,0
background_0212.jpg,1,1
background_0213.jpg,1,0
background_0214.jpg,1,0
background_0215.jpg,1,1
background_0216.jpg,1,0
background_0217.jpg,1,1
background_0218.jpg,1,0
background_0219.jpg,1,0
background_0220.jpg,1,1
background_0221.jpg,1,1
background_0222.jpg,1,1
background_0223.jpg,1,1
background_0224.jpg,1,1
background_0225.jpg,1,1
background_0226.jpg,1,1
background_0227.jpg,1,0
background_0228.jpg,1,1
background_0229.jpg,1,1
background_0230.jpg,1,1
background_0231.jpg,1,0
background_0232.jpg,1,1
background_0233.jpg,1,0
background_0234.jpg,1,1
background_0235.jpg,1,0
background_0236.jpg,1,1
background_0237.jpg,1,1
background_0238.jpg,1,1
background_0239.jpg,1,0
background_0240.jpg,1,1
background_0241.jpg,1,0
background_0242.jpg,1,1
background_0243.jpg,1,1
background_0244.jpg,1,1
background_0245.jpg,1,0
background_0246.jpg,1,0
background_0247.jpg,1,1
background_0248.jpg,1,1
background_0249.jpg,1,1
background_0250.jpg,1,0
background_0251.jpg,1,1
background_0252.jpg,1,1
background_0253.jpg,1,1
background_0254.jpg,1,0
background_0255.jpg,1,1
background_0256.jpg,1,1
background_0257.jpg,1,0
background_0258.jpg,1,0
background_0259.jpg,1,0
background_0260.jpg,1,0
background_0261.jpg,1,1
background_0262.jpg,1,1
background_0263.jpg,1,1
background_0264.jpg,1,1
background_0265.jpg,1,0
background_0266.jpg,1,0
background_0267.jpg,1,0
background_0268.jpg,1,0
background_0269.jpg,1,0
background_0270.jpg,1,1
background_0271.jpg,1,0
background_0272.jpg,1,0
background_0273.jpg,1,0
background_0274.jpg,1,0
background_0275.jpg,1,0
background_0276.jpg,1,1
background_0277.jpg,1,1
background_0278.jpg,1,1
background_0279.jpg,1,0
background_0280.jpg,1,0
background_0281.jpg,1,1
background_0282.jpg,1,1
background_0283.jpg,1,1
background_0284.jpg,1,1
background_0285.jpg,1,0
background_0286.jpg,1,0
background_0287.jpg,1,1
background_0288.jpg,1,1
background_0289.jpg,1,0
background_0290.jpg,1,1
background_0291.jpg,1,0
background_0292.jpg,1,0
background_0293.jpg,1,1
background_0294.jpg,1,1
background_0295.jpg,1,1
background_0296.jpg,1,1
background_0297.jpg,1,0
background_0298.jpg,1,1
background_0299.jpg,1,1
background_0300.jpg,1,1
background_0301.jpg,1,0
background_0302.jpg,1,0
background_0303.jpg,1,1
background_0304.jpg,1,1
background_0305.jpg,1,1
background_0306.jpg,1,1
background_0307.jpg,1,0
background_0308.jpg,1,1
background_0309.jpg,1,0
background_0310.jpg,1,1
background_0311.jpg,1,1
background_0312.jpg,1,1
background_0313.jpg,1,1
background_0314.jpg,1,0
background_0315.jpg,1,0
background_0316.jpg,1,1
background_0317.jpg,1,0
background_0318.jpg,1,0
background_0319.jpg,1,0
background_0320.jpg,1,1
background_0321.jpg,1,0
background_0322.jpg,1,1
background_0323.jpg,1,1
background_0324.jpg,1,1
background_0325.jpg,1,0
background_0326.jpg,1,1
background_0327.jpg,1,1
background_0328.jpg,1,1
background_0329.jpg,1,1
background_0330.jpg,1,0
background_0331.jpg,1,0
background_0332.jpg,1,1
background_0333.jpg,1,1
background_0334.jpg,1,1
background_0335.jpg,1,0
background_0336.jpg,1,1
background_0337.jpg,1,1
background_0338.jpg,1,1
background_0339.jpg,1,1
background_0340.jpg,1,1
background_0341.jpg,1,1
background_0342.jpg,1,1
background_0343.jpg,1,1
background_0344.jpg,1,0
background_0345.jpg,1,0
background_0346.jpg,1,0
background_0347.jpg,1,0
background_0348.jpg,1,0
background_0349.jpg,1,0
background_0350.jpg,1,1
background_0351.jpg,1,1
background_0352.jpg,1,0
background_0353.jpg,1,1
background_0354.jpg,1,0
background_0355.jpg,1,0
background_0356.jpg,1,0
background_0357.jpg,1,0
background_0358.jpg,1,0
background_0359.jpg,1,0
background_0360.jpg,1,1
background_0361.jpg,1,1
background_0362.jpg,1,1
background_0363.jpg,1,1
background_0364.jpg,1,0
background_0365.jpg,1,0
background_0366.jpg,1,1
background_0367.jpg,1,0
background_0368.jpg,1,1
background_0369.jpg,1,0
background_0370.jpg,1,1
background_0371.jpg,1,0
background_0372.jpg,1,0
background_0373.jpg,1,1
background_0374.jpg,1,1
background_0375.jpg,1,0
background_0376.jpg,1,1
background_0377.jpg,1,0
background_0378.jpg,1,0
background_0379.jpg,1,1
background_0380.jpg,1,0
background_0381.jpg,1,0
background_0382.jpg,1,0
background_0383.jpg,1,0
background_0384.jpg,1,0
background_0385.jpg,1,1
background_0386.jpg,1,1
background_0387.jpg,1,1
background_0388.jpg,1,1
background_0389.jpg,1,0
background_0390.jpg,1,0
background_0391.jpg,1,0
background_0392.jpg,1,0
background_0393.jpg,1,0
background_0394.jpg,1,1
background_0395.jpg,1,0
background_0396.jpg,1,1
background_0397.jpg,1,1
background_0398.jpg,1,0
background_0399.jpg,1,1
background_0400.jpg,1,1
planes_0001.jpg,0,1
planes_0002.jpg,0,0
planes_0003.jpg,0,0
planes_0004.jpg,0,1
planes_0005.jpg,0,0
planes_0006.jpg,0,0
planes_0007.jpg,0,1
planes_0008.jpg,0,0
planes_0009.jpg,0,1
planes_0010.jpg,0,0
planes_0011.jpg,0,1
planes_0012.jpg,0,1
planes_0013.jpg,0,0
planes_0014.jpg,0,1
planes_0015.jpg,0,0
planes_0016.jpg,0,0
planes_0017.jpg,0,1
planes_0018.jpg,0,1
planes_0019.jpg,0,1
planes_0020.jpg,0,0
planes_0021.jpg,0,0
planes_0022.jpg,0,0
planes_0023.jpg,0,1
planes_0024.jpg,0,0
planes_0025.jpg,0,1
planes_0026.jpg,0,1
planes_0027.jpg,0,1
planes_0028.jpg,0,1
planes_0029.jpg,0,0
planes_0030.jpg,0,1
planes_0031.jpg,0,0
planes_0032.jpg,0,0
planes_0033.jpg,0,0
planes_0034.jpg,0,0
planes_0035.jpg,0,1
planes_0036.jpg,0,0
planes_0037.jpg,0,0
planes_0038.jpg,0,0
planes_0039.jpg,0,1
planes_0040.jpg,0,1
planes_0041.jpg,0,0
planes_0042.jpg,0,0
planes_0043.jpg,0,0
planes_0044.jpg,0,1
planes_0045.jpg,0,0
planes_0046.jpg,0,1
planes_0047.jpg,0,1
planes_0048.jpg,0,0
planes_0049.jpg,0,1
planes_0050.jpg,0,1
planes_0051.jpg,0,0
planes_0052.jpg,0,0
planes_0053.jpg,0,1
planes_0054.jpg,0,0
planes_0055.jpg,0,1
planes_0056.jpg,0,1
planes_0057.jpg,0,1
planes_0058.jpg,0,1
planes_0059.jpg,0,1
planes_0060.jpg,0,1
planes_0061.jpg,0,0
planes_0062.jpg,0,0
planes_0063.jpg,0,1
planes_0064.jpg,0,0
planes_0065.jpg,0,1
planes_0066.jpg,0,0
planes_0067.jpg,0,1
planes_0068.jpg,0,1
planes_0069.jpg,0,1
planes_0070.jpg,0,0
planes_0071.jpg,0,0
planes_0072.jpg,0,0
planes_0073.jpg,0,1
planes_0074.jpg,0,0
planes_0075.jpg,0,0
planes_0076.jpg,0,1
planes_0077.jpg,0,1
planes_0078.jpg,0,0
planes_0079.jpg,0,1
planes_0080.jpg,0,1
planes_0081.jpg,0,1
planes_0082.jpg,0,0
planes_0083.jpg,0,1
planes_0084.jpg,0,0
planes_0085.jpg,0,0
planes_0086.jpg,0,1
planes_0087.jpg,0,1
planes_0088.jpg,0,0
planes_0089.jpg,0,1
planes_0090.jpg,0,0
planes_0091.jpg,0,0
planes_0092.jpg,0,1
planes_0093.jpg,0,1
planes_0094.jpg,0,0
planes_0095.jpg,0,1
planes_0096.jpg,0,1
planes_0097.jpg,0,0
planes_0098.jpg,0,0
planes_0099.jpg,0,1
planes_0100.jpg,0,0
planes_0101.jpg,0,0
planes_0102.jpg,0,0
planes_0103.jpg,0,0
planes_0104.jpg,0,1
planes_0105.jpg,0,0
planes_0106.jpg,0,1
planes_0107.jpg,0,0
planes_0108.jpg,0,1
planes_0109.jpg,0,0
planes_0110.jpg,0,1
planes_0111.jpg,0,0
planes_0112.jpg,0,1
planes_0113.jpg,0,1
planes_0114.jpg,0,0
planes_0115.jpg,0,0
planes_0116.jpg,0,1
planes_0117.jpg,0,0
planes_0118.jpg,0,0
planes_0119.jpg,0,1
planes_0120.jpg,0,0
planes_0121.jpg,0,1
planes_0122.jpg,0,0
planes_0123.jpg,0,0
planes_0124.jpg,0,0
planes_0125.jpg,0,0
planes_0126.jpg,0,0
planes_0127.jpg,0,0
planes_0128.jpg,0,1
planes_0129.jpg,0,1
planes_0130.jpg,0,0
planes_0131.jpg,0,0
planes_0132.jpg,0,1
planes_0133.jpg,0,1
planes_0134.jpg,0,1
planes_0135.jpg,0,0
planes_0136.jpg,0,0
planes_0137.jpg,0,1
planes_0138.jpg,0,0
planes_0139.jpg,0,0
planes_0140.jpg,0,0
planes_0141.jpg,0,0
planes_0142.jpg,0,1
planes_0143.jpg,0,0
planes_0144.jpg,0,1
planes_0145.jpg,0,1
planes_0146.jpg,0,0
planes_0147.jpg,0,1
planes_0148.jpg,0,1
planes_0149.jpg,0,0
planes_0150.jpg,0,1
planes_0151.jpg,0,1
planes_0152.jpg,0,1
planes_0153.jpg,0,0
planes_0154.jpg,0,1
planes_0155.jpg,0,0
planes_0156.jpg,0,1
planes_0157.jpg,0,0
planes_0158.jpg,0,0
planes_0159.jpg,0,1
planes_0160.jpg,0,1
planes_0161.jpg,0,1
planes_0162.jpg,0,0
planes_0163.jpg,0,1
planes_0164.jpg,0,1
planes_0165.jpg,0,1
planes_0166.jpg,0,0
planes_0167.jpg,0,1
planes_0168.jpg,0,1
planes_0169.jpg,0,0
planes_0170.jpg,0,0
planes_0171.jpg,0,0
planes_0172.jpg,0,1
planes_0173.jpg,0,0
planes_0174.jpg,0,1
planes_0175.jpg,0,0
planes_0176.jpg,0,0
planes_0177.jpg,0,0
planes_0178.jpg,0,1
planes_0179.jpg,0,1
planes_0180.jpg,0,0
planes_0181.jpg,0,0
planes_0182.jpg,0,0
planes_0183.jpg,0,0
planes_0184.jpg,0,0
planes_0185.jpg,0,1
planes_0186.jpg,0,1
planes_0187.jpg,0,0
planes_0188.jpg,0,1
planes_0189.jpg,0,1
planes_0190.jpg,0,1
planes_0191.jpg,0,1
planes_0192.jpg,0,1
planes_0193.jpg,0,0
planes_0194.jpg,0,1
planes_0195.jpg,0,1
planes_0196.jpg,0,1
planes_0197.jpg,0,0
planes_0198.jpg,0,1
planes_0199.jpg,0,1
planes_0200.jpg,0,0
planes_0201.jpg,0,0
planes_0202.jpg,0,1
planes_0203.jpg,0,1
planes_0204.jpg,0,1
planes_0205.jpg,0,0
planes_0206.jpg,0,1
planes_0207.jpg,0,1
planes_0208.jpg,0,1
planes_0209.jpg,0,1
planes_0210.jpg,0,0
planes_0211.jpg,0,0
planes_0212.jpg,0,1
planes_0213.jpg,0,0
planes_0214.jpg,0,0
planes_0215.jpg,0,1
planes_0216.jpg,0,1
planes_0217.jpg,0,1
planes_0218.jpg,0,0
planes_0219.jpg,0,1
planes_0220.jpg,0,0
planes_0221.jpg,0,0
planes_0222.jpg,0,0
planes_0223.jpg,0,1
planes_0224.jpg,0,1
planes_0225.jpg,0,0
planes_0226.jpg,0,1
planes_0227.jpg,0,0
planes_0228.jpg,0,0
planes_0229.jpg,0,1
planes_0230.jpg,0,1
planes_0231.jpg,0,1
planes_0232.jpg,0,1
planes_0233.jpg,0,0
planes_0234.jpg,0,0
planes_0235.jpg,0,0
planes_0236.jpg,0,0
planes_0237.jpg,0,0
planes_0238.jpg,0,0
planes_0239.jpg,0,1
planes_0240.jpg,0,0
planes_0241.jpg,0,1
planes_0242.jpg,0,1
planes_0243.jpg,0,0
planes_0244.jpg,0,0
planes_0245.jpg,0,1
planes_0246.jpg,0,0
planes_0247.jpg,0,1
planes_0248.jpg,0,1
planes_0249.jpg,0,0
planes_0250.jpg,0,0
planes_0251.jpg,0,0
planes_0252.jpg,0,1
planes_0253.jpg,0,1
planes_0254.jpg,0,1
planes_0255.jpg,0,0
planes_0256.jpg,0,0
planes_0257.jpg,0,1
planes_0258.jpg,0,0
planes_0259.jpg,0,0
planes_0260.jpg,0,1
planes_0261.jpg,0,1
planes_0262.jpg,0,1
planes_0263.jpg,0,0
planes_0264.jpg,0,0
planes_0265.jpg,0,1
planes_0266.jpg,0,0
planes_0267.jpg,0,1
planes_0268.jpg,0,0
planes_0269.jpg,0,1
planes_0270.jpg,0,0
planes_0271.jpg,0,1
planes_0272.jpg,0,1
planes_0273.jpg,0,1
planes_0274.jpg,0,0
planes_0275.jpg,0,0
planes_0276.jpg,0,1
planes_0277.jpg,0,1
planes_0278.jpg,0,1
planes_0279.jpg,0,1
planes_0280.jpg,0,1
planes_0281.jpg,0,0
planes_0282.jpg,0,0
planes_0283.jpg,0,1
planes_0284.jpg,0,0
planes_0285.jpg,0,1
planes_0286.jpg,0,1
planes_0287.jpg,0,0
planes_0288.jpg,0,0
planes_0289.jpg,0,0
planes_0290.jpg,0,0
planes_0291.jpg,0,0
planes_0292.jpg,0,1
planes_0293.jpg,0,0
planes_0294.jpg,0,0
planes_0295.jpg,0,1
planes_0296.jpg,0,0
planes_0297.jpg,0,0
planes_0298.jpg,0,1
planes_0299.jpg,0,1
planes_0300.jpg,0,0
planes_0301.jpg,0,0
planes_0302.jpg,0,1
planes_0303.jpg,0,0
planes_0304.jpg,0,0
planes_0305.jpg,0,1
planes_0306.jpg,0,0
planes_0307.jpg,0,1
planes_0308.jpg,0,1
planes_0309.jpg,0,0
planes_0310.jpg,0,1
planes_0311.jpg,0,0
planes_0312.jpg,0,0
planes_0313.jpg,0,1
planes_0314.jpg,0,0
planes_0315.jpg,0,1
planes_0316.jpg,0,1
planes_0317.jpg,0,1
planes_0318.jpg,0,1
planes_0319.jpg,0,1
planes_0320.jpg,0,1
planes_0321.jpg,0,0
planes_0322.jpg,0,0
planes_0323.jpg,0,0
planes_0324.jpg,0,0
planes_0325.jpg,0,1
planes_0326.jpg,0,0
planes_0327.jpg,0,1
planes_0328.jpg,0,1
planes_0329.jpg,0,0
planes_0330.jpg,0,0
planes_0331.jpg,0,0
planes_0332.jpg,0,0
planes_0333.jpg,0,0
planes_0334.jpg,0,1
planes_0335.jpg,0,1
planes_0336.jpg,0,0
planes_0337.jpg,0,1
planes_0338.jpg,0,1
planes_0339.jpg,0,0
planes_0340.jpg,0,0
planes_0341.jpg,0,0
planes_0342.jpg,0,0
planes_0343.jpg,0,0
planes_0344.jpg,0,1
planes_0345.jpg,0,1
planes_0346.jpg,0,0
planes_0347.jpg,0,1
planes_0348.jpg,0,0
planes_0349.jpg,0,0
planes_0350.jpg,0,0
planes_0351.jpg,0,0
planes_0352.jpg,0,1
planes_0353.jpg,0,1
planes_0354.jpg,0,1
planes_0355.jpg,0,0
planes_0356.jpg,0,1
planes_0357.jpg,0,0
planes_0358.jpg,0,0
planes_0359.jpg,0,1
planes_0360.jpg,0,1
planes_0361.jpg,0,0
planes_0362.jpg,0,0
planes_0363.jpg,0,1
planes_0364.jpg,0,1
planes_0365.jpg,0,0
planes_0366.jpg,0,1
planes_0367.jpg,0,0
planes_0368.jpg,0,0
planes_0369.jpg,0,1
planes_0370.jpg,0,0
planes_0371.jpg,0,1
planes_0372.jpg,0,1
planes_0373.jpg,0,1
planes_0374.jpg,0,0
planes_0375.jpg,0,0
planes_0376.jpg,0,1
planes_0377.jpg,0,1
planes_0378.jpg,0,1
planes_0379.jpg,0,0
planes_0380.jpg,0,0
planes_0381.jpg,0,1
planes_0382.jpg,0,0
planes_0383.jpg,0,0
planes_0384.jpg,0,1
planes_0385.jpg,0,1
planes_0386.jpg,0,0
planes_0387.jpg,0,0
planes_0388.jpg,0,0
planes_0389.jpg,0,1
planes_0390.jpg,0,0
planes_0391.jpg,0,1
planes_0392.jpg,0,1
planes_0393.jpg,0,0
planes_0394.jpg,0,0
planes_0395.jpg,0,0
planes_0396.jpg,0,1
planes_0397.jpg,0,1
planes_0398.jpg,0,1
planes_0399.jpg,0,0
planes_0400.jpg,0,1